Age,Annual_Income,Spending_Score
65,114467,31
22,121711,86
43,78088,26
21,51150,61
37,133793,23
41,38469,21
57,138151,17
46,149863,73
32,48352,48
41,104753,78
26,35653,39
43,92011,66
64,76550,56
60,32843,12
44,76598,63
26,99184,58
57,143533,59
56,48989,44
22,96261,9
66,30142,66
25,41444,53
62,67524,82
18,121699,67
29,146265,33
24,44578,6
37,77200,37
62,55020,36
23,111968,58
42,124360,36
66,86681,2
18,98691,2
52,35865,44
27,96130,39
32,35208,49
56,72726,47
22,132712,26
64,29136,47
27,81172,24
41,113196,6
53,115172,37
21,88987,42
26,133740,85
37,22487,47
66,49449,60
19,47749,83
18,33639,35
34,97647,36
49,74184,16
47,137462,91
62,46134,31
46,100297,86
25,118291,15
41,22860,99
28,34963,2
59,99456,68
53,136010,55
18,72109,21
25,77638,41
41,49332,65
46,135874,77
50,39264,21
39,109907,13
54,61749,40
53,94749,82
51,45327,54
21,38271,47
45,99843,41
51,129425,26
37,134121,8
45,88841,56
22,100463,71
37,140991,83
51,52800,13
48,68371,38
55,50151,44
27,116095,32
47,78602,88
35,45796,96
49,86134,27
20,38263,27
37,70888,37
68,44334,18
36,91277,34
39,41983,60
21,132643,14
29,25567,99
65,37877,71
34,58749,98
30,113696,19
47,90416,85
61,137742,46
59,145329,29
27,147051,84
30,29332,65
21,109422,12
64,108410,24
32,141235,39
38,52987,79
33,76855,43
53,33287,18
66,91508,52
22,73483,55
61,66167,54
26,144789,61
44,104182,46
61,118250,37
65,145488,57
41,47268,18
31,102588,76
68,118590,56
57,89639,2
21,67617,85
47,100405,67
30,27787,63
30,52801,48
33,102803,58
47,103572,23
26,65996,75
56,34404,11
24,87856,40
39,46711,81
62,66180,8
45,126505,46
25,116977,55
35,122949,67
60,86558,50
65,37053,49
23,96268,27
54,137265,9
59,126166,47
59,24671,4
47,57345,49
44,80795,99
18,118460,40
40,120812,90
52,67916,50
30,117328,2
24,82371,69
58,134508,68
52,127440,47
60,126072,72
64,126340,65
67,128425,21
47,136987,74
56,83946,96
60,27624,10
35,105042,39
23,84512,8
33,44150,87
67,74782,42
30,118791,59
59,146168,74
58,132225,42
46,45999,18
65,81935,88
55,47949,53
27,102334,19
41,141317,45
39,24235,50
22,91494,39
45,98247,35
30,91445,34
59,88776,89
29,60657,97
24,65967,99
51,93132,86
39,60064,1
39,44199,23
48,31340,52
61,54273,67
46,67277,30
69,36880,5
30,73868,14
30,111632,78
63,80464,83
54,92559,63
25,41147,56
39,51098,67
59,84542,5
56,74451,70
33,67052,77
61,40941,37
36,132189,84
46,80254,26
34,36760,13
23,116113,32
53,90216,30
31,23006,24
50,145837,54
41,33845,54
49,113221,76
51,56636,27
63,114568,89
58,109476,30
45,72292,18
32,89618,94
63,102589,89
59,112352,97
60,86272,94
50,133118,78
52,43668,56
49,61972,89
66,32930,87
56,56642,5
36,35053,74
27,109557,24
27,139735,63
31,37403,76
39,101519,92
61,69414,61
19,30080,11
49,75110,92
32,76635,78
34,137514,74
66,120607,68
43,119478,89
67,86303,62
64,28431,85
51,100752,9
39,111236,93
37,125818,17
36,97735,25
18,141519,10
31,31648,32
28,32107,34
45,26110,74
46,141424,26
26,146711,62
51,72710,11
54,108699,65
43,143426,55
62,84738,69
69,99351,66
60,120660,1
46,26330,54
25,123085,80
67,49476,84
33,28036,89
18,122088,77
36,105239,30
57,112855,41
62,113050,58
66,51710,35
18,123223,44
62,135734,31
27,37640,1
64,113847,25
52,41019,67
66,28269,21
61,74959,25
23,86807,36
39,108673,89
34,94162,17
59,48734,54
29,71550,66
60,68950,95
50,28453,2
58,147788,86
54,51638,30
23,28853,96
46,46304,44
61,107076,60
47,121859,2
67,131014,13
64,91861,57
60,102586,39
66,83407,92
49,107586,90
25,114258,66
46,21255,50
65,53046,20
68,109465,12
66,24492,4
32,34827,5
65,100925,25
31,133708,34
37,78619,17
59,48658,22
31,140892,77
42,46802,72
21,136019,42
25,87163,99
67,105107,36
60,81874,16
50,26404,64
51,147188,50
29,95924,88
45,149674,56
22,67493,46
56,118603,50
49,24770,28
67,87591,79
48,144658,59
32,114000,11
62,100080,77
61,52473,39
30,109998,84
34,97495,19
67,127265,47
44,83999,71
50,99719,5
61,59168,76
51,42890,22
26,96846,97
48,97875,71
51,136383,40
33,116489,12
40,50235,42
52,122110,67
30,59580,89
22,85382,65
62,65700,34
38,149838,79
61,42482,34
67,79856,9
36,107389,66
39,53385,97
68,63794,99
40,88101,31
36,72387,62
23,53560,62
57,105365,23
23,74933,12
23,95045,54
24,120870,64
49,138512,52
47,72956,77
34,125100,18
60,42227,57
64,57392,7
22,63579,60
64,62058,41
56,148719,5
31,100605,94
20,24396,25
30,105343,48
42,128867,31
45,119617,10
34,103419,75
64,47457,37
23,118571,14
58,122661,32
47,134801,19
27,132646,89
62,122141,82
57,113251,77
32,53655,73
24,133783,61
20,149416,43
55,80400,10
40,88480,66
67,107429,92
64,41397,3
27,34933,65
53,55400,81
33,139364,94
38,39804,54
50,119565,98
53,147833,36
39,44353,25
24,40989,11
38,128614,76
18,53406,83
38,44975,3
51,56615,51
39,116029,11
20,87488,87
29,110530,42
65,130070,18
29,36725,98
54,20589,70
26,75392,45
63,122514,9
61,54583,60
25,41949,73
25,112646,4
39,47769,8
37,140243,7
57,148838,43
40,148808,97
63,73613,90
68,38589,40
53,62283,68
35,36685,56
51,20356,89
26,29065,3
33,22665,98
28,137157,79
36,145416,14
45,109481,99
35,76889,56
44,123543,1
57,41252,72
18,118686,93
26,112192,35
31,136190,87
42,95786,8
30,93645,25
67,50377,49
52,40507,76
21,138619,85
50,127260,33
44,101416,6
35,21481,68
29,62121,61
19,36864,83
55,62506,66
55,98870,36
66,41457,19
27,31180,39
45,142121,14
37,86935,32
61,132298,27
68,109709,73
38,51865,72
20,137190,83
65,48295,15
26,96188,76
38,126981,23
66,148137,20
28,57933,44
50,102628,12
63,61641,72
20,139785,73
40,55922,6
21,87165,30
59,113801,87
46,62570,40
33,88066,65
63,48332,24
56,40646,99
27,114411,70
59,49260,98
59,55699,11
54,38235,32
58,78862,95
30,134620,47
52,61771,31
54,116555,30
40,54461,91
23,20254,29
33,28106,34
21,38521,90
55,62300,60
68,21050,42
40,102982,67
64,93846,91
32,41938,7
54,141977,94
37,124077,30
68,30119,8
62,107685,37
55,92767,76
64,27250,10
41,76463,22
23,86101,12
42,83430,29
29,63055,45
44,69577,8
52,110037,80
34,74539,66
59,54535,54
37,144574,89
52,67416,91
68,119773,51
28,137855,91
22,52538,43
21,96622,34
22,48775,41
58,68940,86
25,132816,60
60,76731,43
66,79637,64
20,66693,28
57,108661,1
28,72770,83
26,87444,79
47,82786,68
22,121515,15
18,54947,76
67,117256,61
41,92472,82
38,75891,85
47,34191,11
49,82879,4
66,110953,42
67,82886,17
66,64582,8
60,48198,63
40,35152,21
48,56644,32
68,132946,5
18,40048,87
52,123288,74
38,60309,62
33,119258,21
38,110749,79
35,48588,78
28,130606,45
18,138261,68
18,117724,68
52,132301,49
53,129357,77
46,145308,82
59,142291,69
53,97026,68
39,67530,17
56,42132,8
63,95102,24
42,72389,15
40,111696,52
41,41423,29
46,65819,19
69,36401,47
29,65542,55
29,135793,77
40,40743,65
46,135500,48
54,107877,56
20,76392,2
47,52237,8
57,69416,11
59,49527,17
60,20931,66
26,128279,22
56,29206,55
44,36651,58
35,93075,73
34,132772,91
25,32209,6
22,149074,40
64,80500,78
21,132535,58
66,89029,51
41,86552,26
64,85524,36
46,43157,5
62,34941,72
54,44473,34
49,42179,12
66,148432,95
58,71995,18
39,79610,9
18,58803,82
46,113525,14
25,119571,14
61,33921,69
44,97643,45
23,50605,35
30,106058,7
19,70977,37
39,112061,11
43,24450,73
67,63488,18
43,115438,62
39,26666,75
56,26958,94
61,65373,11
55,136446,31
43,146840,93
22,20087,77
47,144380,18
40,102489,73
50,30295,23
40,81871,96
52,109732,25
28,34070,97
31,121679,71
53,56511,27
51,67500,64
56,81114,20
57,86792,42
66,82437,57
34,143366,94
22,32259,63
41,113209,63
18,95800,32
36,114388,8
27,45963,75
24,38158,25
35,120006,92
20,67569,71
32,141001,20
64,29723,18
20,105966,16
49,39207,18
26,109160,81
31,98084,68
46,85195,46
59,21129,88
44,81909,59
57,66190,71
36,31186,32
38,102539,56
41,30971,60
46,31015,91
46,53048,54
33,141631,67
63,85127,77
51,76170,3
18,20022,72
19,132063,2
42,118187,66
57,23391,29
54,68499,47
60,56900,2
65,132172,9
40,72009,55
61,38234,71
19,78951,82
38,141224,91
26,85542,95
41,128346,34
64,83047,10
69,24356,84
45,37638,86
53,144139,63
32,29554,91
40,107065,62
43,29984,5
43,135509,93
64,85355,44
48,66572,28
60,39026,15
30,114520,12
64,78810,51
63,69417,2
41,24639,67
56,76525,45
42,38461,12
40,29556,21
45,27698,99
20,66997,39
68,61761,51
36,56736,37
61,46948,12
55,28552,37
35,46751,62
35,77878,6
22,149551,87
43,110341,93
47,62478,8
29,83967,85
55,58117,31
49,27761,1
21,127013,44
48,109420,94
31,77086,33
23,112266,65
57,52596,35
18,72384,37
60,103301,90
62,115272,38
33,47681,50
54,100039,56
62,60650,58
31,93589,74
50,96430,17
50,39776,50
29,70597,35
61,79260,45
19,99535,40
50,53734,93
57,59535,58
24,54556,91
66,39621,33
21,33036,33
56,60443,33
48,119898,36
22,111041,83
45,147046,46
58,76313,22
48,115023,78
44,50268,22
64,124633,1
59,59965,19
69,129751,60
44,143308,24
45,102293,59
43,125589,67
20,81299,68
39,96716,98
62,92754,33
38,71654,74
28,82512,44
67,87370,57
51,75235,30
55,95786,31
62,26562,73
67,22375,79
36,40767,88
63,22239,99
35,22527,79
64,61532,11
35,132452,85
52,79707,42
26,70597,75
31,110456,36
65,49174,77
23,79926,48
40,98361,28
58,140246,87
69,88246,48
36,30234,39
19,110005,63
63,80768,2
50,74707,25
69,20567,66
25,96614,75
22,65938,8
47,96593,72
30,103727,9
54,36766,14
18,107261,57
55,69352,89
20,20959,2
65,35707,13
39,37427,4
40,23771,63
27,54105,64
48,82880,51
40,108304,8
41,94314,35
61,96586,43
28,115606,2
26,140846,88
29,59950,77
57,32320,29
21,59051,94
65,118051,67
69,114989,91
25,111885,11
66,133797,52
34,99426,52
24,33596,19
25,75332,82
31,139273,23
34,149729,95
20,79008,71
57,78055,22
22,45734,98
20,144112,12
47,142383,56
55,132223,94
31,106866,75
42,111428,77
18,37265,26
39,24768,56
53,47327,23
61,54925,42
65,22200,60
44,38498,90
47,110155,57
33,94340,56
22,42115,96
39,46040,59
64,118152,54
45,85243,11
62,108104,46
28,116449,42
45,149974,29
18,126194,69
39,106474,38
43,48783,8
63,122274,1
21,129896,43
23,56912,51
18,136777,20
63,125474,68
35,36294,46
28,68884,48
57,127315,40
41,95395,4
57,69402,7
20,59367,28
37,136035,88
40,39898,51
30,56726,98
42,52799,70
20,133058,35
25,116261,12
46,25604,79
55,57370,96
25,84491,49
68,59479,40
59,94275,32
53,20171,43
50,46110,69
68,38472,42
43,42492,30
59,123990,58
38,32146,56
69,67087,85
23,109549,37
53,37822,93
33,128815,83
58,49900,57
22,108673,61
45,34812,39
26,146098,51
19,132735,72
38,69437,83
20,29464,32
64,101157,46
61,22418,89
31,119088,47
26,38093,33
39,55788,60
29,145102,80
18,47764,30
28,40918,30
59,54727,76
67,96978,12
51,49189,94
45,97923,10
49,103746,40
29,105439,84
49,102046,56
54,29592,70
51,75974,9
27,71760,29
47,98405,76
32,106483,24
20,24170,87
27,35006,93
29,70378,85
19,51932,57
52,52638,19
35,80074,4
23,23423,66
65,50986,68
56,144784,79
49,92611,68
68,47288,23
32,33043,75
35,130105,27
40,34930,60
34,76117,35
66,51089,7
23,108136,82
67,61397,74
57,28505,56
38,110128,48
20,79166,20
40,132918,98
22,21558,24
64,134331,33
51,108978,38
57,147254,44
69,22497,98
50,121766,67
42,28144,73
67,104017,20
28,107405,4
34,47051,55
59,37946,43
50,90401,62
69,62281,18
61,104066,27
37,41199,24
36,122624,12
62,91029,12
36,52087,43
18,126051,87
30,142233,50
63,46664,67
39,97579,22
34,119537,73
64,50912,23
45,128571,37
36,22167,98
33,32444,80
60,83238,54
46,22211,66
37,97948,19
28,126214,11
65,39935,98
62,95630,76
61,78162,92
43,90929,86
18,77955,56
42,30818,81
50,25066,78
57,81667,90
66,46124,46
32,96028,76
55,148835,48
57,31131,19
32,121020,69
45,38058,41
69,99134,2
67,26284,10
66,43431,36
20,87252,15
35,127836,93
19,91917,90
64,65933,81
20,51055,63
68,22390,61
65,85103,4
48,68720,30
27,37796,5
41,89208,63
66,138317,13
22,81968,52
63,71754,25
62,123931,68
54,79099,20
48,105047,56
34,62270,19
23,129224,54
57,106028,56
63,33511,4
19,62511,45
44,80300,18
50,123534,45
65,42000,60
31,113777,54
29,135486,37
57,97948,42
29,98938,34
51,110146,58
55,99630,46
42,69624,15
44,95395,52
38,89969,62
50,43056,27
56,143928,87
69,88877,65
46,124414,59
36,39202,44
66,119904,15
19,43288,69
62,89250,86
28,38410,70
28,73120,3
66,55755,13
58,23978,14
20,43726,3
49,39764,7
57,123316,86
49,47437,55
67,83681,14
33,130634,73
63,141693,53
24,37839,57
38,112591,38
40,147702,6
26,126196,44
35,33516,10
49,61651,51
25,109090,84
60,125147,8
27,27732,25
45,46184,58
55,95556,75
49,25181,53
26,138630,51
56,86202,42
67,128000,61
64,106528,85
18,51103,18
49,39076,41
41,138748,60
50,72532,43
25,93262,75
18,39207,13
48,27739,19
45,142267,72
53,122161,6
66,86571,58
38,136650,41
18,67837,68
58,65597,78
20,42865,65
24,72767,26
52,123929,81
66,132821,92
67,76332,48
31,131306,40
63,131031,38
46,35553,65
22,34458,93
65,88157,5
38,121095,45
35,149154,29
57,83119,64
40,83158,14
36,100366,77
49,101780,33
41,95507,32
32,80774,85
34,99899,82
35,27877,83
25,39404,89
25,147728,74
68,42709,16
53,131778,52
66,57662,46
18,23507,10
39,149652,55
47,64316,95
48,60787,4
27,106913,50
63,72217,57
66,137102,56
27,46776,45
19,79294,11
38,122232,23
34,59025,96
33,87610,15
64,94350,22
60,27147,54
44,102741,15
53,37392,99
20,85873,17
37,54514,1
23,61726,26
31,124000,71
20,124326,46
50,87588,2
58,83473,87
56,68856,98
49,38999,46
29,117987,5
40,62045,73
18,50007,68
39,30300,58
61,126527,63
19,148693,87
32,134422,70
36,72201,20
53,116143,73
28,80870,67
52,83802,74
67,84454,60
24,139812,84
28,61158,81
64,90069,55
44,144720,5
64,129445,61
32,33598,76
25,37436,22
47,33046,73
48,30734,6
60,56755,36
63,95367,43
42,92196,90
62,24819,69
26,83428,10
43,103505,94
49,30581,50
59,27773,24
60,26653,60
42,108197,83
32,31165,10
53,74625,21
33,35398,72
28,48610,32
51,148154,33
28,78684,8
60,122837,50
66,44051,11
45,125596,20
62,121444,66
67,120323,96
47,35014,94
49,114734,87
26,132196,72
61,78377,71
66,51007,46
26,144650,1
41,37740,40
54,100378,28
34,66198,25
23,133685,90
49,76529,75
60,76098,64
30,20824,90
62,123697,53
37,22848,12
21,113588,17
30,70418,38
56,24067,61
67,32883,49
67,93394,18
30,134651,93
52,66935,72
66,127093,45
23,33099,9
34,138352,52
53,141839,60
22,147952,33
44,125899,36
63,117568,37
35,57963,43
69,70471,65
58,92405,31
39,87669,5
22,61744,84
36,70491,94
51,137668,70
21,30726,68
32,127215,32
21,44292,93
67,106670,80
24,58440,15
40,64272,25
47,45557,3
25,142874,41
19,98703,71
31,47956,14
37,59468,73
56,106172,19
22,134895,84
34,36832,77
54,67277,15
29,104462,14
37,20418,47
26,146695,31
52,64361,99
33,95259,44
58,79363,96
44,77923,91
21,67928,33
43,134635,14
46,63442,56
20,105819,79
51,133790,53
59,107300,48
61,91714,97
48,77971,54
40,76928,33
43,80419,37
59,30290,1
40,72963,7
61,83968,75
25,26585,21
42,142834,85
49,25154,17
28,95455,9
33,86215,52
65,49824,19
49,46118,73
43,128391,35
40,47568,95
54,59291,94
40,29458,20
49,98880,69
48,78962,54
22,42027,4
23,48109,40
46,100325,19
54,81645,78
33,108542,12
34,21394,20
63,95360,60
39,71661,54
20,20848,46
39,104049,89
47,108792,93
22,134965,30
64,84639,9
39,122403,31
63,125920,70
67,99138,83
25,54489,11
38,27209,38
38,123031,40
38,56212,38
64,105756,74
32,28227,58
20,45862,5
65,116287,47
26,113954,60
25,115320,87
40,109873,2
56,57210,82
31,54494,48
31,139813,93
42,35046,88
32,40673,38
34,50301,19
24,42345,29
46,83469,34
68,148303,30
56,27084,79
22,101501,16
65,140979,33
64,48004,74
57,96499,99
60,119310,43
21,122640,93
37,144175,4
29,76817,28
48,76300,13
54,111260,69
34,72771,70
20,62807,99
28,21253,8
26,87655,77
63,116528,62
58,147221,81
20,137269,83
61,27230,79
49,119548,47
23,125441,32
24,88762,83
26,66119,87
50,64109,53
57,25991,31
37,56423,59
57,111358,84
42,93190,19
61,85647,45
55,132911,71
39,24513,54
66,48387,40
51,122437,97
47,33661,31
28,115360,40
37,61794,83
43,97240,54
39,21586,64
45,87971,14
38,146952,35
64,102040,58
41,64455,40
21,25496,1
44,121144,41
59,21247,92
40,48275,95
56,59017,92
47,119217,66
44,27381,87
48,26058,63
39,41075,67
27,141396,99
45,82342,49
20,86205,78
57,38936,38
41,54062,77
29,139821,83
53,91486,20
64,53911,71
36,65194,43
49,92761,5
50,130939,35
33,98479,87
62,70972,21
60,137485,58
54,141820,91
48,125324,89
33,75663,85
33,26491,52
29,87470,44
27,80674,29
53,147018,4
34,102199,99
67,66042,22
50,26263,48
30,33537,10
32,65164,73
29,120688,48
47,96196,88
53,135324,62
36,130720,89
34,101210,10
63,66525,14
39,76576,71
69,94332,92
43,72970,25
52,113739,76
28,40373,76
45,93677,82
35,77218,57
25,34679,42
40,126817,99
56,94547,87
65,131597,80
45,111698,97
21,139921,54
31,134646,40
27,139519,21
43,149445,75
32,43534,98
31,53949,22
59,31297,41
26,27538,67
58,139214,94
56,55966,33
38,100534,20
48,44529,34
57,105341,53
38,146468,27
58,101582,69
34,43153,99
50,100459,73
43,149671,88
21,139991,26
39,121889,38
23,119457,80
51,140803,78
26,129417,99
47,80831,49
31,88142,54
65,67580,26
64,34795,1
66,56654,64
57,96984,73
61,51337,93
66,116821,18
56,39755,6
47,69792,60
51,94172,15
30,76107,54
58,32451,68
29,66306,39
19,106242,63
39,87761,37
45,127310,73
59,131701,16
46,138244,72
51,98835,63
19,70220,55
30,79753,46
43,46183,24
24,116363,30
65,140501,7
53,50052,38
28,142602,20
63,23091,80
43,81014,36
37,24545,13
40,125100,20
35,32052,60
66,48506,76
56,108103,83
47,66395,61
50,48935,85
24,26868,43
34,46547,71
31,54394,65
32,125883,95
19,80976,94
48,44472,40
35,69312,50
52,126290,43
51,68126,53
69,121352,64
18,31063,27
37,70003,73
60,42771,41
46,83051,9
23,126344,42
38,38220,39
37,58795,11
58,54280,73
19,77299,26
63,117934,52
33,87998,84
33,137030,23
35,71665,75
27,110414,28
43,103245,63
51,135508,25
20,111350,39
56,68515,2
18,109906,11
46,78796,99
18,103106,21
26,55906,66
24,55517,79
46,74042,40
66,139213,93
46,70049,85
50,57555,86
35,70841,74
39,109618,80
51,22220,18
25,24622,10
22,84143,28
23,100200,87
65,39600,97
55,100415,98
48,106732,91
67,70917,34
47,113216,56
51,95084,56
23,22723,30
42,100551,15
18,54459,84
57,95775,85
34,144822,82
34,68921,87
30,51763,66
40,75359,89
21,103023,93
38,136924,44
22,28757,45
24,24289,52
55,49041,17
32,72095,5
24,147488,24
25,68541,73
24,107973,7
65,53165,82
55,146345,12
51,55921,97
64,28666,28
29,92057,73
42,54755,29
66,114241,31
33,134495,82
63,88327,26
61,120926,20
33,104350,5
33,91883,88
19,77301,77
25,107022,83
51,125710,78
47,102692,60
44,138099,54
45,69106,26
65,86669,42
64,76352,94
32,68677,18
21,43893,8
45,146031,76
34,138350,88
58,59534,95
30,21644,97
34,133544,32
25,59518,7
66,145206,37
55,118397,41
25,48840,20
66,29639,96
66,57954,40
31,136015,19
29,120320,86
36,107889,83
27,143075,22
62,89073,78
27,54235,32
20,41193,25
51,103684,90
22,68783,98
20,135517,19
48,63039,97
42,149020,79
23,64941,75
20,64150,90
67,115311,88
26,107727,70
20,61245,96
42,31162,2
42,20528,85
67,122062,24
64,30250,14
56,28500,2
28,25118,44
43,57451,4
25,42798,96
41,21729,87
37,95910,96
20,74907,45
27,43800,83
55,127515,59
61,92754,70
39,130851,38
65,127334,77
26,148507,12
49,30392,68
45,85577,13
20,59413,91
39,23184,8
42,23590,8
21,52226,97
40,79324,11
47,40497,91
59,63225,20
53,107762,83
43,95826,68
48,86902,39
26,124538,15
40,52219,70
24,76038,44
23,76999,3
41,74826,74
50,29985,93
61,40824,8
63,136964,80
49,53001,69
60,114224,33
22,32488,2
34,104290,28
20,56884,89
23,129720,44
65,117927,73
40,123802,84
47,94666,50
42,125646,26
38,41014,62
38,113555,23
66,87599,76
36,101899,14
19,139765,35
32,137380,84
42,119407,3
23,110402,3
59,86070,8
50,131754,57
22,134745,9
38,27952,13
49,123910,39
66,146838,67
62,141904,41
64,65485,79
50,64475,28
47,67320,27
28,131694,87
67,26675,50
68,29568,19
45,55714,31
41,77176,16
28,85010,49
35,98341,75
58,138104,91
39,149223,31
56,121100,42
26,95914,89
28,64807,4
21,98096,30
48,61165,14
20,74175,27
18,79834,16
67,23365,55
55,101559,44
56,115092,88
54,59100,4
39,126215,43
51,88332,62
41,37982,15
23,127426,22
37,129615,75
58,24563,8
20,72889,22
44,149614,80
23,113213,23
29,54442,39
65,92358,38
56,27200,83
51,147174,71
64,32781,33
38,110015,8
21,123804,74
22,69404,16
24,114338,74
41,98954,99
33,51092,62
66,131869,91
47,84300,1
54,149221,73
25,76167,20
65,136947,69
56,135549,68
63,107915,83
61,130127,85
24,127587,40
29,100621,40
23,62913,81
66,38856,35
42,138334,3
47,89026,95
28,93206,15
47,24682,11
69,110340,49
68,116184,61
60,108492,39
54,50820,72
67,126614,96
43,124912,82
28,138113,73
40,48824,47
34,121330,24
34,34167,42
52,81120,10
34,92443,22
30,65936,43
21,70531,79
68,104407,80
44,37887,46
46,131955,22
55,79829,42
43,123698,87
53,119003,27
40,131903,55
26,69975,58
19,133450,3
49,96793,81
59,97370,26
64,107465,15
48,56489,42
46,97419,2
22,122962,34
53,109309,97
66,112746,63
45,64649,40
54,48389,95
67,126407,20
57,67920,26
44,137206,80
27,118672,16
44,53845,14
47,40180,52
68,72781,3
60,52347,87
37,72282,9
22,133877,72
55,147921,79
46,119794,12
59,90809,78
33,136576,91
46,60155,20
33,41802,28
64,27819,88
42,135613,86
47,30662,11
19,83555,5
37,48783,87
59,148425,85
64,48427,29
50,42737,45
67,57321,80
36,111041,51
21,73413,96
50,56961,56
42,113222,24
53,129437,72
67,21194,86
18,109157,40
33,106558,16
42,49738,86
52,117740,66
28,136582,60
41,113814,99
52,76569,7
38,128648,32
21,148685,79
62,60635,56
31,125768,80
44,95092,72
50,131468,36
33,32743,92
61,76729,47
19,76700,50
50,108939,32
19,132786,51
40,99055,56
19,35398,84
39,76230,63
59,129572,3
54,53401,71
32,30870,18
26,52475,58
46,141502,95
37,32016,72
21,124562,21
27,42700,87
44,27573,25
41,111900,2
61,50800,1
19,149974,1
65,114268,61
41,31630,66
45,130345,89
64,141792,92
63,58941,97
60,139090,68
36,110513,16
45,85738,1
28,56753,75
49,118586,79
38,113960,94
21,133796,39
58,114787,35
57,126263,7
44,78393,56
50,106283,88
57,77449,63
31,36330,72
25,87462,64
44,42912,57
64,41867,64
42,56117,35
45,26583,6
66,49302,85
35,77000,63
47,88494,87
47,140743,42
39,131954,60
29,103520,18
52,29289,65
65,45792,69
24,113802,76
23,68316,65
27,88840,7
28,102295,6
31,62796,3
19,112124,59
53,89375,78
23,109274,32
22,53011,8
29,147819,63
68,135813,54
66,99494,33
36,119420,38
27,69196,91
22,148780,28
45,146207,96
66,66308,69
43,55260,53
20,146505,14
57,30957,35
59,121865,85
34,42087,8
19,67602,87
62,82918,91
52,50489,79
48,72378,40
23,29341,80
64,57778,23
56,105852,18
44,86086,60
29,52573,31
21,126674,20
51,142250,3
42,62309,72
67,43649,90
68,81507,53
32,89987,22
67,74897,81
35,41412,65
50,27726,80
69,57692,56
19,123776,24
54,136027,34
66,34604,17
42,121593,14
43,137158,53
38,22556,41
39,20636,51
39,102991,85
32,119334,16
44,106477,88
31,20225,13
46,104182,83
18,72086,22
29,81443,61
67,46179,6
19,73432,33
55,132784,59
26,79122,1
59,57468,5
68,90550,8
53,128032,45
43,108263,22
28,29612,71
42,55977,47
50,125305,75
23,144825,36
28,103894,44
22,46674,42
18,102852,41
36,120282,89
68,69102,95
42,42511,88
69,64516,65
56,66154,94
18,75407,13
18,136926,55
43,50391,15
27,37293,24
66,139950,75
55,32156,25
44,24204,30
62,87224,44
69,89213,98
52,125855,89
27,146324,36
37,97997,56
55,122449,33
34,32607,61
39,20520,65
48,76551,5
61,26113,76
23,98627,60
45,75688,54
56,41312,40
23,136352,29
31,116944,37
21,37250,60
37,35637,91
62,40560,8
27,64995,91
28,33521,67
61,105857,68
56,98561,59
43,89931,26
54,117671,96
25,54503,7
62,62745,20
20,92985,90
46,34793,47
57,102057,96
30,135345,43
34,91824,5
48,141577,55
44,147564,62
68,123960,4
26,115418,95
36,137054,53
52,27330,34
34,81522,9
41,84911,26
41,67957,93
21,113324,9
65,144632,43
39,84490,63
67,111651,89
46,30403,81
68,82791,74
35,88594,71
67,92527,42
38,23390,23
59,67398,47
63,113034,92
23,81556,99
69,23872,69
37,137964,89
50,144280,22
52,76806,24
65,46633,60
57,142246,63
68,80430,9
63,36248,2
53,27081,50
46,41222,63
32,76086,23
28,93210,24
22,142355,38
25,86461,6
59,28170,44
18,108069,37
43,20025,60
20,90585,58
35,57525,35
46,142533,38
46,124742,80
35,101056,50
44,94501,44
43,61320,35
44,48335,64
36,24044,6
57,104823,54
20,112466,45
61,34147,72
18,106448,10
60,44296,10
68,82621,28
34,33156,84
61,147101,87
18,41422,17
42,40009,4
36,97722,38
34,23036,76
62,45348,48
18,35226,25
24,58548,18
66,81695,61
48,129244,14
37,65765,81
55,144724,79
25,48040,96
60,117536,23
46,36057,44
45,138303,73
33,119516,1
29,33242,29
49,135506,46
56,44492,35
43,59366,6
53,69801,86
40,124225,73
35,84486,52
21,61220,31
43,62775,94
24,48145,64
24,144190,19
24,28927,30
30,61452,53
66,122385,87
47,124212,14
66,137415,26
40,73568,20
39,93512,33
28,37209,40
28,90557,26
21,98215,13
35,131130,54
54,62449,18
39,20073,79
49,30410,85
68,91865,58
58,39788,54
43,66817,53
31,80176,43
27,120354,84
34,28558,8
65,35661,91
27,127838,39
37,20792,67
31,134713,66
51,49517,5
48,114721,59
35,116936,64
28,142317,53
39,113931,58
67,59058,70
18,25811,64
26,40050,9
53,128115,56
51,45634,42
44,56405,96
52,100740,75
59,148895,7
58,129308,14
55,80525,14
36,54990,60
36,74168,73
37,129378,16
61,124796,47
54,70704,45
42,95529,52
49,99304,60
18,61249,14
55,115863,95
33,145852,34
56,89948,52
52,103468,7
23,36011,40
58,101520,19
58,85613,47
63,113006,95
47,104342,18
28,145374,11
47,69069,35
54,94311,45
48,106941,27
63,124381,21
48,143862,38
28,134579,85
21,21886,95
63,62342,97
69,50002,26
63,28390,63
44,60022,91
23,94820,16
67,98189,59
35,51509,27
61,144183,95
46,119050,31
22,58973,42
47,45884,67
18,54277,39
40,116076,59
64,24432,6
56,87680,65
35,74626,49
20,69390,88
19,59880,16
58,148551,86
19,126712,10
69,125800,60
55,83320,74
22,148075,48
53,141102,65
53,90199,15
38,123058,41
49,56706,82
42,79517,74
19,20532,25
61,22136,13
68,112727,51
61,60796,42
25,63216,31
43,118518,95
24,37158,17
64,39034,7
59,84587,28
68,72276,2
22,36699,27
18,119059,69
48,132598,16
68,104946,89
36,59327,2
18,31329,4
29,72360,33
38,140505,14
57,76465,75
45,126765,73
65,146523,11
51,126121,49
20,70257,36
48,31166,5
53,75809,33
49,88776,12
22,34542,29
26,42101,60
37,80108,24
19,143788,23
69,47561,8
48,104425,56
22,130084,14
24,34940,13
48,28515,97
25,95890,80
61,132927,63
45,60752,7
44,135613,86
27,111946,99
67,47326,92
46,21585,33
58,101641,86
60,117619,84
56,145092,43
26,109337,82
54,94450,58
28,97258,64
48,140451,83
69,33920,8
39,100616,61
49,38981,11
43,81539,97
23,122761,72
48,62659,30
63,48253,59
61,73125,96
49,79840,35
46,119049,7
37,44261,27
52,61827,6
47,122473,32
41,84743,90
41,120262,52
41,52253,57
59,55111,1
20,27657,81
36,93615,39
31,37546,79
24,47270,81
26,67768,80
34,46960,97
24,28359,99
44,115841,47
42,74506,86
55,132046,74
30,32565,16
65,47180,77
19,54148,22
26,114173,39
26,116746,80
56,112301,16
59,125919,74
23,28682,98
63,116905,20
50,92513,76
42,36712,5
39,22492,94
28,49858,10
50,102281,88
63,98195,27
36,69284,1
56,146700,97
43,119750,26
28,100803,46
37,94875,72
41,88171,11
24,25300,5
34,27447,37
26,43546,81
31,145877,62
25,124123,13
68,69361,59
58,76200,74
35,141637,19
20,109860,13
18,70305,9
23,25578,26
27,25979,63
54,46197,55
69,27205,74
33,134120,20
51,137185,5
63,119102,52
64,142589,76
66,61364,22
69,38918,2
62,22230,74
62,53021,27
33,33557,16
67,75336,40
36,95499,52
18,100513,61
25,50858,25
33,47513,39
20,132731,4
59,136137,89
19,81614,79
38,144273,75
32,51455,8
56,61998,35
31,74824,68
49,98838,91
47,74950,32
44,59721,11
61,25690,48
63,103373,49
21,77953,12
25,82070,70
31,65183,93
36,143270,72
40,78977,67
52,84191,47
56,115069,86
23,148415,30
68,53110,65
38,51178,95
57,39861,16
21,115967,28
31,124657,27
32,109311,45
37,133197,38
57,68840,6
61,79389,77
63,95351,75
56,132659,50
47,123883,27
34,80561,88
66,103401,94
25,27919,18
65,32674,95
52,21528,94
33,128905,41
50,27204,12
66,31045,77
65,139837,28
59,25489,49
38,28013,99
29,118223,94
57,111481,62
50,145487,44
52,136210,67
35,121008,36
22,75687,38
27,112937,23
64,71718,55
59,104677,30
67,27361,90
32,34885,42
30,83831,73
18,124030,45
50,48515,33
56,107786,91
28,43379,40
56,79265,99
55,87775,51
45,72176,91
28,58615,48
51,111395,7
45,131126,76
31,103447,67
58,132932,94
27,79111,9
55,38460,1
43,103632,60
48,42978,62
69,99609,16
39,75341,68
48,83743,80
44,120051,92
42,98378,96
61,145846,17
41,107402,31
34,75583,50
23,85333,66
64,122127,23
33,57068,78
50,74104,54
30,47795,51
59,141018,16
27,92935,91
38,69828,30
56,76338,34
65,80808,82
19,79075,24
61,131106,10
28,111649,63
31,139194,45
19,134483,11
30,22087,4
28,52482,49
28,41306,91
68,102786,14
67,44062,29
69,27027,15
28,66453,23
62,95428,9
57,131660,58
59,123753,30
59,63257,73
21,57060,19
61,24257,43
27,77862,9
42,22440,85
55,58223,88
32,29296,8
52,92533,40
69,115308,25
49,21590,95
28,24386,78
52,147345,35
64,30671,16
34,50330,43
25,119909,64
53,128016,4
38,85752,36
53,133003,35
40,73048,63
18,94716,22
66,54400,42
40,142462,70
65,94459,94
36,136581,53
68,58805,36
46,126364,9
35,127053,91
33,63112,22
49,145931,77
53,43081,9
69,55800,88
67,96770,61
45,41618,45
35,106100,61
27,108560,84
20,115124,75
27,37264,52
20,65745,88
67,133511,66
46,93552,76
24,57456,61
68,29520,78
58,46266,76
52,47415,99
19,52950,30
66,70508,20
46,85640,71
62,136979,95
42,92706,19
51,56544,15
61,114084,59
40,121602,38
65,44971,45
19,103800,24
47,49754,18
60,126429,51
66,123935,30
24,106714,65
52,139761,15
52,87113,96
56,129049,65
48,147656,84
65,121439,61
63,24398,16
43,62769,4
41,134568,74
55,77634,34
57,59347,34
52,34109,16
26,52836,40
26,84593,25
68,34755,62
53,126907,80
29,101447,70
61,106904,65
67,87007,95
28,102645,96
39,129644,47
43,68651,88
58,146736,82
63,127955,94
27,119038,58
50,77947,40
29,41199,33
60,109542,22
56,22763,85
50,138800,69
58,103842,14
28,134349,53
49,97020,67
27,121312,89
28,110834,37
22,54906,74
40,46164,3
38,44284,69
59,85384,88
35,106888,3
42,76392,35
37,146717,50
47,79046,11
67,49690,54
58,109658,98
59,67627,81
30,139008,43
41,39258,12
62,37809,45
52,55226,25
58,37077,33
58,95791,4
40,36800,90
24,133891,53
46,85233,98
39,130911,80
20,133982,44
36,128047,38
22,74054,76
41,122603,95
26,67500,56
31,87911,1
47,130701,40
44,89756,76
32,130415,89
62,95016,10
55,21259,75
56,101968,46
45,21422,28
36,30410,19
69,99296,62
26,64189,16
63,39081,32
30,32612,44
36,148021,31
63,130688,27
21,143240,62
37,84705,2
33,139766,35
35,79796,66
18,28628,72
65,68090,27
49,149009,1
25,81410,65
41,26206,41
64,69964,92
44,82733,98
59,32838,82
47,92032,48
61,48630,27
56,61782,15
53,57686,13
26,144107,38
28,113001,11
37,131440,91
20,63885,84
68,69158,25
63,46638,11
36,130529,54
40,78324,28
62,64753,6
67,25516,67
50,83302,88
69,48983,22
49,141772,59
54,137262,40
41,25975,4
38,90826,6
43,33836,52
21,35459,69
30,24119,43
21,49968,47
25,21713,68
61,32604,39
45,93939,8
34,83827,58
29,84035,34
49,120805,17
34,127373,63
56,123859,37
22,31156,33
21,45921,29
44,37735,80
32,130972,2
37,93690,88
42,37693,73
21,127423,47
30,147760,7
68,93310,1
35,52816,62
24,48211,35
27,65938,29
63,149141,42
45,111566,42
31,144680,24
56,56891,72
33,38385,79
33,125560,93
52,102720,18
31,42743,67
22,97717,32
61,136156,78
62,33240,68
48,65709,15
35,56259,63
23,55612,21
30,142801,84
58,29986,27
39,111339,71
58,29593,25
27,41669,5
48,30044,34
68,113340,6
21,133423,3
54,112952,98
38,26067,11
56,109740,29
55,69499,48
49,51045,5
48,72745,84
30,28416,48
22,87730,39
45,112235,11
22,104308,67
38,86187,54
62,130977,67
22,124492,93
69,149659,66
56,20334,4
29,30955,65
61,33766,5
26,105937,36
21,33732,9
48,60522,52
56,22042,67
25,54577,39
47,107046,16
35,126611,95
54,112346,32
60,92269,9
36,54372,40
27,61153,65
36,41577,63
18,33343,69
49,128622,99
51,48477,70
59,87157,77
32,141033,15
59,107545,10
23,135579,31
30,117812,88
28,100900,35
46,134057,61
50,98286,82
23,96027,18
54,84938,34
62,26356,17
46,50950,41
51,124830,94
49,72553,87
67,129815,61
36,91112,22
21,81538,8
34,40591,98
65,89755,19
39,148728,28
59,112319,38
46,38810,81
43,147971,11
21,36942,97
58,118658,94
39,21431,33
24,140345,73
37,94335,65
20,57437,67
18,68104,2
34,98112,45
45,29991,8
34,83761,51
54,53728,6
35,136986,18
37,85215,96
24,35420,82
67,126812,74
26,92483,73
49,71588,80
19,90651,34
29,119959,30
37,101842,35
51,113106,42
38,66366,24
41,120471,49
53,92693,28
33,139971,22
47,120990,41
21,76140,15
64,126856,19
63,86048,11
66,123991,50
47,44777,95
64,96712,44
42,86171,57
27,54492,17
59,70210,29
39,37248,5
56,77300,39
28,58482,68
65,64316,92
29,54952,35
67,116230,92
28,93544,99
67,24464,2
49,128804,90
20,50227,51
22,62754,72
31,47001,55
64,86968,92
63,123914,87
42,119820,45
43,45214,64
24,51800,50
51,29860,57
37,73772,71
47,114887,42
35,127273,70
58,52439,44
61,68516,60
19,136024,67
56,91258,99
30,138220,26
36,92358,52
34,137882,54
28,133238,54
19,29648,89
46,46201,96
36,25119,32
66,142220,40
21,73767,10
53,136211,32
41,48198,12
59,27510,67
62,61563,80
66,105775,99
43,29326,56
55,63545,6
42,139576,71
66,78836,94
65,144965,62
22,104051,95
19,123304,23
25,22409,17
37,133850,63
45,141333,41
27,88983,3
45,44191,64
37,66221,30
26,60709,53
31,128660,92
34,90312,59
32,135635,6
27,80196,41
32,110846,45
45,98778,66
45,94998,23
36,79491,82
66,95302,42
67,147319,14
55,94820,14
41,39330,28
40,39923,17
50,23217,25
52,127730,52
50,68243,6
25,22378,37
61,21036,29
47,132822,93
65,103638,35
28,40129,3
68,25003,36
69,27572,32
42,102387,1
53,93747,78
57,130438,45
58,92851,32
37,66648,45
29,144332,40
68,117778,41
18,38662,29
55,59198,3
48,124946,37
48,114594,11
29,76086,28
48,77902,45
43,60400,14
50,71142,69
37,48435,37
51,98701,40
24,140095,87
37,104003,17
67,79298,56
44,109712,21
48,95665,92
18,102445,12
33,40346,49
28,94577,73
39,76955,25
22,22783,33
19,39531,57
62,89895,91
64,20487,16
60,27439,18
28,117000,67
36,126781,26
69,136943,11
48,73777,70
58,131236,87
57,50367,98
41,127572,4
63,122606,28
38,50370,50
50,131030,86
64,79443,68
51,145310,72
46,60085,23
53,77675,77
24,54560,44
18,26838,50
68,135655,83
28,106548,46
22,130229,61
30,69677,42
54,52904,37
57,22643,50
22,97135,13
51,102291,37
36,44337,55
25,32625,14
30,98246,12
26,67526,26
65,52318,35
30,115959,24
62,53365,80
40,32270,24
39,66789,73
63,134415,71
61,25797,25
21,42578,47
56,61443,58
49,122016,83
18,69515,26
31,123948,36
40,100643,21
47,103101,65
18,42294,20
59,41229,15
28,44588,9
49,45358,82
43,86618,7
59,72569,52
28,100576,32
35,102087,91
30,77657,29
31,142442,4
63,81554,21
31,20382,32
35,62669,97
22,130664,82
27,95523,84
55,67421,4
55,66610,20
31,80396,4
50,105060,47
42,46525,56
39,92239,88
63,137801,73
58,35745,33
21,118112,56
35,67605,87
47,108459,38
28,72466,81
27,86514,21
49,116449,78
56,34749,21
64,20760,29
43,112741,61
57,28198,7
25,136366,81
28,46446,81
35,109397,12
35,33553,13
34,27969,59
30,53675,77
51,70219,22
31,48370,22
40,80747,74
57,124431,85
18,23451,54
40,143472,70
63,131036,16
19,90790,2
62,118769,59
19,55710,65
66,143335,74
44,27670,63
59,127373,98
49,110680,72
62,92008,31
66,52059,45
21,97182,29
30,132846,89
25,93008,78
32,143351,20
65,149428,34
49,73951,5
57,86491,52
25,136791,7
19,76768,84
43,116131,14
31,137795,40
18,46320,74
46,116013,75
69,133396,26
23,86499,88
57,26970,1
42,110854,54
26,91027,2
40,61156,83
66,82006,46
61,104700,42
58,58616,28
39,131957,57
28,77157,80
64,106249,55
45,130425,36
30,23765,77
37,58827,95
19,42279,71
67,25990,54
22,83418,38
54,56714,36
49,92300,22
43,81624,8
26,133215,5
21,21073,13
29,125639,75
68,58619,57
18,26991,32
59,22589,92
18,61834,32
39,29768,6
50,42828,74
28,115406,18
65,104513,53
32,111160,24
46,95314,42
68,147124,40
62,140405,68
62,146681,50
25,43640,35
59,137823,37
48,127100,47
47,26264,35
32,148765,72
39,39623,32
25,56608,28
58,110495,70
31,31340,21
21,142160,63
52,139536,55
60,145171,37
68,136029,83
50,71571,23
62,109345,9
35,36608,2
43,139142,52
20,97845,7
69,91352,51
60,64042,84
69,141885,12
34,117964,18
41,102450,4
59,72321,9
66,71016,68
56,93215,69
45,108206,98
41,80353,31
20,141235,32
39,54073,78
41,102956,59
22,95532,38
67,23102,41
46,87976,53
54,46803,75
68,53540,28
24,88086,40
38,89863,46
27,41838,52
23,137520,59
54,56511,16
34,52532,23
65,31566,84
41,108824,28
48,26584,98
29,28270,60
23,26449,91
61,116093,19
43,125087,39
27,65854,69
21,63135,25
64,102289,14
25,45265,83
60,82929,56
32,126528,34
25,47225,14
23,139740,78
55,49355,63
18,94984,6
50,82693,15
28,76478,43
31,21713,22
61,63226,66
69,77671,28
60,42696,31
65,32529,79
46,124683,77
66,147114,19
60,90703,70
20,41727,68
50,69266,75
30,55145,53
24,120685,70
51,31714,38
24,79890,63
65,71003,47
65,112748,54
57,42229,47
69,40498,28
32,75712,87
33,51372,74
54,103004,9
42,57321,32
31,124762,40
24,117713,74
58,49180,63
35,65257,65
63,149357,60
37,104885,92
43,118265,71
52,22060,49
28,124619,51
47,31206,96
48,136581,73
26,41910,16
40,128703,37
36,92335,43
43,84283,56
67,122485,26
65,112121,8
37,148491,88
66,21558,68
18,44220,25
54,62160,99
64,123191,9
60,20504,89
49,88345,86
23,56219,49
65,131418,32
18,90831,3
41,111065,52
58,56869,91
27,107413,58
21,109628,65
65,54958,50
56,140871,81
54,62623,94
25,78810,81
22,30329,42
59,123268,77
21,99299,63
64,78666,30
68,119145,42
40,145224,20
52,47196,94
24,132357,56
19,57478,7
32,113224,25
21,56573,79
40,51286,59
29,80922,73
42,33016,68
39,148680,39
47,25052,99
68,86515,58
41,97239,66
27,24402,91
64,109628,41
19,31616,3
25,54008,10
50,149621,55
69,115455,62
57,100334,30
20,135649,74
32,99089,53
60,143381,55
26,149228,51
27,134916,83
37,124545,71
18,96582,7
37,111791,95
36,134845,17
33,60985,88
28,120244,80
28,87891,98
22,135657,83
43,34649,88
56,107021,53
24,108858,25
26,29019,37
25,73341,73
32,143844,62
43,140084,65
50,63758,81
54,107872,6
22,145735,79
30,30207,7
37,24622,17
39,66154,47
62,136852,28
66,91640,61
53,21947,47
39,63419,36
69,47513,98
38,136606,85
59,82922,48
23,45320,15
63,98062,73
51,131671,19
62,117004,48
23,93707,80
23,147920,10
65,113703,81
48,59933,15
18,145621,74
28,134918,48
40,23786,25
22,87335,38
48,107268,62
51,126295,94
64,69287,37
25,72605,19
43,20724,12
67,145842,37
50,66255,70
39,84889,23
35,70773,2
50,35741,62
20,146858,97
29,144864,63
52,143278,17
33,108576,87
67,75667,78
49,84244,85
39,71272,91
35,123794,6
34,92989,38
65,81719,57
55,127324,86
38,55004,4
28,120757,74
66,138658,91
28,90940,77
24,129468,43
19,86002,18
64,83263,74
67,109885,16
37,149938,69
42,98470,74
40,146215,95
41,112824,61
63,114347,95
23,47814,84
56,123405,28
33,137364,5
49,93043,3
37,35745,73
21,114241,86
30,107376,49
65,96535,78
30,123254,75
22,106955,44
61,95460,44
66,142250,17
61,26126,27
38,51578,6
35,52041,54
25,79062,75
43,98276,22
35,67131,96
61,87847,68
66,59847,6
35,20463,58
36,89935,37
59,71046,74
60,66654,21
44,32595,31
60,136014,51
40,97018,18
30,46739,83
69,82805,3
22,104026,10
35,94536,5
67,64594,1
19,60526,17
25,21703,58
44,68203,90
52,117284,54
18,102346,55
69,142592,99
60,145482,3
36,47101,7
67,46190,40
44,125881,83
44,117436,88
58,40593,71
18,25190,85
18,31731,6
40,38817,60
43,94427,18
68,49113,62
29,78795,9
69,62970,54
18,107977,99
60,87490,71
33,113605,8
50,119753,43
56,94661,26
39,58909,94
39,98290,91
44,117797,8
40,90306,77
34,147944,10
41,115129,78
49,148921,4
28,27602,46
22,73977,9
32,131694,48
53,148495,15
36,73987,32
23,145397,19
58,65969,49
53,121702,33
25,68034,33
50,57035,36
33,54341,8
33,36128,22
60,128271,25
43,108772,43
24,57585,70
64,127433,4
61,52464,41
41,97084,1
61,29887,33
39,100862,17
58,138043,87
53,121746,60
56,27015,11
27,100912,85
63,23887,74
63,135094,58
40,62775,62
32,131221,55
26,26309,41
57,105257,59
34,94125,75
26,145310,74
46,38360,88
64,70799,93
57,79068,75
30,136499,31
34,59577,9
63,106990,68
27,136694,73
28,138376,22
33,137126,41
43,113680,66
55,95773,70
52,20497,75
31,96253,57
23,109754,80
61,60528,97
64,107487,20
47,99313,47
29,46612,81
37,21955,72
42,50288,90
68,108423,79
61,79293,13
56,140562,52
38,62002,10
52,129611,76
47,101693,35
45,84744,86
67,22355,30
45,111464,87
41,46133,43
35,149526,29
42,63196,54
60,85807,7
32,42784,82
26,21488,72
58,94362,5
56,149711,5
31,133789,77
20,95462,19
25,142899,70
36,127247,90
69,86751,98
21,117445,48
62,72625,83
19,114212,54
67,147919,81
57,44001,93
56,118174,47
26,60732,83
23,126814,80
69,75696,62
21,113743,48
67,94554,39
64,128329,83
68,73941,81
62,92987,78
69,68538,43
57,107754,28
22,23523,97
22,81812,57
69,122428,33
41,30957,19
68,101178,22
34,73864,55
18,57253,5
18,110315,74
39,53998,33
42,119452,15
68,72408,79
45,61387,98
38,53191,72
44,138546,14
36,90772,12
24,38724,16
53,147122,17
21,58800,5
25,90882,53
39,39486,3
26,91543,49
39,28430,77
36,148529,23
23,90550,74
63,127409,3
37,107114,18
42,102780,71
67,123888,99
58,74189,56
30,104536,91
34,135443,27
33,136846,11
30,75038,99
52,143305,84
25,85828,21
27,123136,67
48,94302,33
32,139131,7
61,68159,80
23,96826,17
24,28927,15
45,79662,82
67,49332,72
40,123831,39
27,137326,95
31,139827,34
65,100557,57
58,147721,98
33,75770,66
43,68155,47
23,88186,95
54,110300,26
43,101897,28
41,32076,55
32,138007,98
23,41265,61
28,42716,74
31,24632,24
41,86587,72
51,77327,76
61,126079,36
51,63521,59
25,125276,71
40,76062,24
22,24029,2
22,128295,49
38,124384,49
67,128943,3
51,57056,95
56,25484,92
68,73563,11
18,78626,41
65,33743,60
39,102256,66
42,106830,11
47,62039,81
19,62809,39
52,136884,79
65,29685,16
55,123259,26
25,87252,86
44,80766,59
35,57704,6
50,124779,8
44,23157,39
55,99669,13
41,53042,86
28,107033,25
66,76127,20
53,66437,21
55,26986,94
69,109160,8
41,72659,73
46,66430,62
18,59761,44
20,20271,71
39,137555,80
49,66695,29
35,30259,31
54,104450,14
42,71758,66
19,120344,19
28,72918,33
67,126541,22
28,72193,21
41,33674,70
25,129220,69
30,80438,7
69,37793,82
28,90403,7
54,88890,43
67,149215,13
53,61089,77
64,110852,71
26,38296,7
55,29381,61
36,78970,14
25,148081,95
34,141381,99
59,110584,99
61,128031,42
51,134239,8
53,126414,72
57,80144,71
55,95429,7
52,25086,49
36,32102,1
30,49274,92
52,25011,74
40,86415,66
26,50043,85
19,71981,1
48,32235,62
64,88859,94
48,50427,70
23,67936,53
47,125198,86
63,95046,39
65,91754,47
23,43270,36
47,36367,86
31,130637,13
69,75875,84
45,115184,27
54,26344,13
21,80072,80
53,100109,3
38,31686,9
28,112884,2
20,146399,44
42,103230,78
32,149420,66
30,79499,62
60,26908,59
22,87126,60
27,130245,29
43,113808,35
20,93681,44
51,138754,88
59,91119,72
31,69622,67
56,103107,58
63,84851,8
31,111679,92
32,70414,35
43,38073,83
54,105474,47
27,64654,71
59,66128,94
27,57105,59
27,22607,32
23,57436,4
41,79790,23
40,122992,52
20,21641,66
37,102313,76
23,37501,32
57,81462,75
27,24754,83
25,20617,93
56,109168,1
57,136647,28
62,139730,75
39,103869,67
53,124329,38
44,82427,81
31,98747,20
21,42504,18
27,42248,47
21,121996,69
60,71455,67
54,118530,57
63,53401,25
53,137205,55
54,21838,18
47,137746,18
40,148779,20
30,91646,45
60,22177,16
51,28054,14
33,115376,10
40,143408,41
41,61723,10
48,73391,73
39,136409,43
40,86888,7
38,144187,59
54,90220,57
53,91832,46
60,129465,1
61,100304,93
51,97634,39
36,129554,13
61,69899,5
54,46396,9
39,105378,39
31,36023,92
32,149472,12
61,87250,72
61,125789,44
53,98942,23
20,131257,47
18,76850,40
65,27676,67
28,22747,76
67,95973,13
62,138715,60
40,22136,52
50,130431,57
65,91094,81
21,55933,93
34,40370,39
48,82710,32
47,39880,79
33,23086,94
42,117317,56
40,22574,94
42,104643,75
60,140674,62
21,50249,93
62,63194,47
26,23217,14
62,87847,90
63,110107,97
32,89239,26
66,40914,73
63,111443,3
50,137373,92
62,41527,8
60,102689,46
62,110413,40
31,117041,8
34,119050,65
35,102646,65
33,85279,37
25,55851,57
38,148037,38
54,63424,74
57,139913,81
55,114547,53
44,112745,47
37,88771,43
69,132597,84
29,126376,78
47,64643,67
58,95615,77
37,95757,86
44,123082,54
39,60912,97
64,34143,14
63,25147,30
42,108381,76
49,49387,26
28,27940,10
39,108410,2
38,122035,34
55,105549,49
33,136661,16
36,57455,32
35,68301,4
33,42626,74
47,45798,65
26,96340,26
42,86189,70
45,126372,43
20,42306,96
23,91097,60
26,33868,25
33,98780,72
31,45786,25
56,106586,16
40,35756,86
57,141216,15
64,52384,92
66,40150,29
23,34566,75
25,26267,39
48,78423,80
42,69594,4
36,115853,83
30,125605,55
57,79037,36
32,38742,54
68,100632,40
37,65161,9
19,86358,12
25,129428,82
52,94078,17
25,26503,75
36,148742,25
19,83108,48
52,146497,99
56,108326,51
60,98356,26
66,52109,29
34,145704,43
37,66549,45
24,77762,32
64,30889,48
39,109680,40
45,105101,58
68,137453,57
62,97130,29
58,120009,30
29,81880,12
25,106181,58
48,94154,6
24,113819,50
19,104618,80
50,100440,61
36,57927,87
67,96391,71
42,95923,73
61,60189,29
28,22690,76
59,106650,4
53,135059,55
25,97813,66
28,95379,72
37,23220,92
33,87043,88
33,57089,70
27,113693,29
54,62068,58
67,110171,8
25,25833,23
51,125318,54
58,24127,35
44,66401,80
65,71001,65
60,85868,94
37,132029,42
54,100949,74
65,44827,20
55,148703,10
62,46033,84
39,21952,16
20,56304,1
44,107490,70
64,43444,7
24,98306,28
56,51931,1
55,48475,36
29,45522,15
50,43968,76
29,33476,49
44,38073,93
54,140816,3
41,74808,9
29,73672,14
64,125079,94
57,29176,19
35,83235,63
34,40326,51
66,23802,44
40,29501,70
46,36864,47
49,31686,86
24,86653,49
39,137197,21
21,147682,54
20,34418,71
22,131087,20
42,110465,12
39,45049,99
65,77079,92
38,29197,98
30,108332,36
37,61969,27
53,64569,87
28,45690,73
34,46411,56
59,31881,61
20,120326,38
21,66212,76
65,117376,75
18,54192,56
59,102584,40
36,62912,47
56,99378,72
58,76730,29
36,110551,89
21,122065,12
51,26465,59
45,141893,57
25,32877,60
43,130783,44
61,124448,44
62,56524,36
39,32852,78
22,96928,52
30,142644,29
52,31781,32
43,102680,12
61,48217,69
59,40646,19
53,39852,68
28,28664,94
42,104960,91
31,42995,60
30,135925,57
23,100641,23
47,29757,15
42,139923,49
35,93649,35
61,42783,77
35,37592,55
48,100926,70
40,87085,81
56,95487,1
44,28803,43
30,30750,27
19,128247,6
25,37523,15
55,62992,29
41,87179,87
57,74113,18
47,23810,30
47,107539,40
25,28364,23
25,43212,56
35,32053,31
54,51383,85
69,109492,4
29,104358,97
25,57820,89
55,77004,47
30,138253,54
45,23367,6
60,76068,81
60,91442,24
63,31927,94
34,146413,61
65,64904,64
31,130861,67
23,95331,40
44,43580,65
38,97810,12
50,72586,34
53,84223,64
56,35058,53
51,51480,12
35,121577,64
63,31400,7
61,129284,87
68,24422,95
55,23941,31
56,55838,32
58,78056,89
61,89979,79
32,79212,28
54,112381,37
18,91087,5
61,66175,46
49,139405,97
59,139899,35
39,87397,55
58,132133,14
28,45159,71
41,54332,62
63,145047,36
66,113594,30
43,23850,68
42,48293,92
68,123988,58
42,100895,80
40,20543,85
39,135313,32
31,90818,59
23,140848,36
38,62935,50
68,141106,25
61,128198,68
27,115170,52
37,48094,25
28,37371,98
31,77613,35
21,115267,98
28,29728,80
25,118048,69
50,59176,52
27,58233,99
66,122194,63
21,135819,41
29,147485,98
68,111825,45
31,124429,61
50,134068,12
65,86091,56
29,84743,13
52,97561,33
64,30278,66
35,49203,50
47,27430,55
45,116450,52
29,59791,97
53,139486,54
60,42531,13
42,79951,80
67,41236,51
52,53270,6
37,36590,20
44,96497,76
55,142121,43
32,127896,24
61,76224,76
41,133914,33
56,30990,34
55,121416,67
37,134565,30
62,140339,97
25,94798,41
25,49678,53
24,48076,98
65,99095,73
66,118210,47
60,22469,19
45,32777,78
43,91817,65
20,66606,57
49,60278,83
58,121122,68
37,75609,70
48,42924,47
35,136739,7
30,101705,35
29,45758,99
54,128528,83
30,89105,8
36,132216,3
69,61333,61
46,109443,49
32,135058,79
19,124357,47
64,41266,95
61,52636,61
34,135665,42
44,124361,92
33,28758,69
60,48268,36
42,111076,75
61,40080,33
66,106104,8
66,24276,62
36,31703,46
35,143299,53
21,81530,10
50,79548,96
20,91714,61
52,112759,1
68,21027,29
63,62920,13
24,42670,43
64,73607,17
69,55666,84
49,50969,55
18,118474,62
34,122085,60
66,146730,44
31,148149,22
53,109967,12
56,42272,41
47,136269,90
39,87130,82
38,124645,77
42,64358,13
45,88024,41
26,28842,65
37,121975,24
24,22064,32
33,76163,48
60,23595,10
44,58175,15
59,110762,83
33,119505,22
63,101199,61
51,67158,41
40,106233,87
59,42127,23
68,31813,12
38,95064,86
21,100735,95
39,50682,32
60,64591,15
67,146868,14
66,92591,95
29,112856,14
23,72342,94
28,33732,32
18,141222,24
47,144310,99
65,68274,70
37,147448,74
18,21052,23
57,122266,1
28,71105,26
39,68740,24
27,134214,92
20,78694,95
23,142445,17
66,59749,70
29,72818,32
34,124279,57
32,136020,22
33,30194,54
28,55086,94
60,127451,96
61,120741,70
63,29695,15
47,41432,54
33,32710,87
38,120931,98
41,111559,22
55,36233,83
67,23227,17
24,72157,2
67,79357,33
30,70672,49
34,146458,40
55,47497,70
57,76737,31
68,45208,36
57,52331,80
19,52681,90
38,53770,82
66,93371,29
33,99708,77
68,102958,72
42,67223,37
48,115775,83
18,132570,90
37,38896,19
59,97498,84
50,145312,50
31,68701,40
50,42299,76
21,72865,71
53,73080,60
28,142221,75
35,27244,6
40,93731,4
45,56113,26
30,104775,75
58,114443,31
19,58014,87
65,111371,50
62,21205,97
42,38459,59
23,97939,82
53,27025,79
63,136034,41
63,98649,4
27,103475,50
59,82471,19
21,59945,87
51,109663,92
53,137406,22
29,93934,29
41,83233,83
60,50283,52
22,142333,12
68,95977,83
61,78781,85
68,100742,57
21,147583,47
66,50622,74
36,53085,93
21,60775,79
38,87937,44
59,61146,39
41,52691,51
55,84111,72
35,129088,11
25,91696,19
64,133471,70
34,112468,65
46,78834,19
48,61874,77
25,108513,68
60,77602,93
57,65939,46
35,137598,43
30,99800,62
33,94569,9
22,84540,51
60,118793,16
55,140279,29
65,40280,33
28,40471,68
19,30043,76
58,41651,4
21,78593,87
30,56787,54
40,123193,29
33,60778,92
67,121945,29
58,58118,25
38,111213,85
32,39003,9
38,27925,15
58,101493,97
67,76570,63
54,22191,94
24,78128,99
35,101468,34
44,141913,18
28,61254,23
21,61851,86
29,118993,99
34,35252,60
37,39255,99
63,31987,26
50,108517,3
53,47805,94
35,133324,96
23,128783,16
61,70948,15
56,47610,10
21,129147,28
45,139472,39
32,29338,29
22,46927,39
69,71194,21
52,29268,33
61,92329,94
28,126390,93
38,55099,33
31,23819,35
68,87812,63
29,75405,29
39,37008,83
19,94327,40
31,92631,59
37,122531,3
60,133954,96
32,109166,17
50,78744,33
63,90457,77
44,117498,62
43,135282,51
40,92110,96
27,86642,66
50,109695,23
30,50330,39
50,43737,35
28,140847,14
21,33463,79
47,110904,1
31,24045,46
59,25225,94
43,59191,43
41,135553,25
53,30605,92
57,81989,71
58,24619,19
20,36677,5
45,68359,69
69,33538,80
48,27362,19
45,124619,5
34,21403,35
54,40238,15
49,34021,5
55,48640,47
68,94788,17
55,58749,63
57,127122,40
63,95242,87
62,143132,92
69,80014,25
31,55831,73
61,71833,31
29,103193,50
25,118651,95
34,130564,93
24,74025,31
47,47497,32
30,140506,87
26,24910,2
24,109234,10
68,143643,10
25,71090,98
54,78332,7
31,38411,70
23,74692,66
48,104639,46
19,33878,4
20,129296,1
48,82393,60
50,97352,92
56,130269,51
23,88817,20
40,99334,88
39,122628,28
32,149280,63
47,42594,20
28,37080,58
45,95069,81
41,42969,50
68,43267,36
66,65127,83
22,137266,60
64,118615,33
66,72194,65
20,94760,80
52,54749,99
26,70137,21
48,60622,23
59,50904,45
64,29218,47
42,24922,73
34,84725,91
36,78388,84
57,32618,88
64,115068,85
65,140629,75
20,103400,26
68,46186,37
29,121191,44
21,52083,42
26,70553,10
64,137823,44
44,149623,45
69,74211,34
18,102351,21
69,49522,36
41,87850,29
59,134342,39
30,80444,46
28,96586,31
56,36029,79
51,71364,18
57,62947,48
28,77285,21
33,59975,21
44,99365,93
19,113224,17
33,77360,27
34,137130,45
48,78800,47
65,25592,13
31,67669,15
62,54194,33
52,52126,86
52,139579,75
51,64030,91
57,62985,25
60,73094,7
48,109197,63
68,82868,96
45,50720,74
52,64523,39
26,38689,23
67,90503,47
23,86721,25
34,111636,54
20,98079,44
28,63184,69
54,144413,31
69,43708,97
34,22482,97
50,84602,22
36,39106,52
19,86707,85
53,47087,63
33,83171,18
36,97204,91
31,28416,3
34,115484,39
49,142225,9
44,103141,15
58,149386,31
58,135141,94
68,37963,89
33,107194,91
28,149601,47
64,137206,49
27,121139,7
47,86280,2
59,73753,44
35,103592,86
28,107238,73
42,138094,89
63,146128,58
18,117486,73
45,30664,54
56,142862,55
27,60869,15
64,78491,3
36,71226,78
53,39971,95
62,121396,71
66,126268,53
64,137064,46
68,119208,52
21,87417,73
42,109086,18
37,134630,73
22,117912,30
24,37697,62
26,139560,28
53,109223,70
35,95580,60
42,62131,37
54,97284,70
45,46471,67
31,101373,40
39,81872,91
57,49224,16
38,121490,94
53,144189,48
59,50398,71
60,65760,52
20,134120,56
25,36734,95
47,21736,13
43,50667,54
60,82203,42
44,83080,82
50,79429,53
63,40459,46
69,102104,2
57,83897,66
62,63021,87
31,37700,74
45,137838,87
40,89814,73
62,66162,94
34,54484,87
21,40921,36
49,83321,39
54,86255,85
52,114319,94
50,106658,43
49,81915,94
64,82024,9
52,81699,79
24,80558,23
51,27936,9
22,100141,98
35,54992,7
55,88706,16
64,65703,75
39,40613,17
63,134339,96
35,102189,22
32,87301,19
64,121169,3
21,66081,50
30,23298,51
59,34335,11
69,89371,22
50,133404,44
24,76812,15
21,24033,61
45,48631,49
32,65338,92
49,124732,20
23,101295,13
51,95443,98
33,51289,79
61,73820,49
66,139683,8
43,44237,45
36,77454,89
21,27164,26
27,61196,3
36,122273,56
41,146695,82
57,118585,81
18,81730,4
49,94325,27
27,89139,33
25,43052,62
22,56155,69
31,94007,3
46,108420,97
47,119197,98
58,40535,61
56,113713,26
56,39253,6
30,56137,70
26,91920,46
40,77893,96
24,57160,17
45,67412,76
30,97790,48
21,47213,91
40,112418,94
34,31259,20
32,103608,89
47,47425,84
35,102115,74
50,149103,48
48,113554,98
18,72712,80
68,94231,34
61,54305,71
41,89157,31
34,103093,40
68,26382,83
53,77088,93
23,126680,21
25,73517,18
43,96539,24
47,58398,11
29,52895,87
56,64543,44
38,132273,12
32,58370,30
60,88163,38
65,99980,3
45,36962,8
34,120641,57
64,125520,36
42,47113,57
41,115193,46
28,126641,86
41,22114,79
20,116344,18
42,57576,58
38,126023,85
27,119577,6
52,92110,52
27,28132,86
68,25647,16
58,86588,36
30,110938,66
42,41124,22
18,55692,29
59,56888,61
20,20993,17
28,57484,25
69,136695,95
23,42408,60
35,40791,91
32,97570,33
20,54042,81
47,52910,4
65,148602,53
22,112879,42
63,91725,57
42,140820,61
33,147025,11
33,82159,55
61,68352,37
49,59598,63
22,84102,90
68,129404,62
52,40248,58
42,46445,65
65,148966,46
41,136112,89
55,50929,55
59,107684,23
18,132983,79
31,144393,86
53,50876,40
48,110611,64
53,55618,83
25,78178,13
55,127086,87
24,129018,39
66,53197,34
52,69943,19
29,110685,51
48,22215,38
52,33267,32
54,59419,87
29,61468,93
46,131724,23
55,29040,64
60,51854,19
27,51423,82
64,21957,29
63,92539,54
25,69511,41
21,50998,8
48,119894,89
46,42777,90
18,73528,65
48,85261,15
66,76786,32
44,46280,69
63,56619,80
53,117784,83
52,77644,27
42,44602,63
62,48593,54
43,25630,56
36,136392,44
53,42480,82
49,125152,32
57,124081,61
28,136766,63
39,135709,15
22,98336,12
49,85091,71
37,35574,96
60,111498,69
23,70362,50
55,79224,36
53,44108,12
48,31077,34
38,118794,19
62,85674,94
53,33675,97
33,36004,25
50,85218,19
24,38461,47
51,23364,44
32,122710,63
47,112625,21
66,25505,13
51,91439,28
21,128409,31
60,108489,43
43,114990,27
62,62879,62
51,92554,27
28,52932,58
22,118052,9
53,92762,90
28,35806,10
55,147662,27
65,64799,6
25,133414,29
60,98048,78
37,122392,57
19,61796,9
65,32307,94
64,70369,98
21,61949,79
67,81257,88
22,143615,10
50,115521,12
39,135618,29
41,43579,24
24,31604,40
18,98030,60
38,94616,7
53,83155,50
44,74266,99
35,74904,39
22,99703,50
47,117113,76
56,130059,54
60,57131,48
21,118057,78
24,110647,73
20,60067,81
53,37875,70
25,38075,3
31,125854,35
57,75575,41
57,145481,5
45,92192,20
39,117229,92
52,36725,63
52,39974,91
68,62485,51
41,112014,72
43,134197,69
20,51356,41
31,55286,23
30,79921,93
23,50960,14
20,135262,74
45,104730,24
45,125861,66
37,38563,89
69,23138,15
30,92201,53
43,45848,27
49,115133,82
18,122715,53
58,140075,52
58,103262,95
38,100064,75
38,83681,24
45,84400,38
35,137182,57
51,31336,13
64,86740,15
26,65783,87
47,105621,46
64,30293,82
34,39032,77
33,139808,31
63,37780,93
47,88979,25
63,35851,58
36,85516,92
26,120868,69
60,98529,98
20,42425,16
67,147267,84
18,97065,30
42,21264,84
22,59913,23
43,36367,83
26,77924,61
43,78822,85
32,58638,24
43,127698,3
61,136074,79
56,139549,87
46,66263,40
60,102120,82
46,23524,57
36,72218,71
64,94711,42
66,98673,39
51,130211,38
67,74127,4
27,47442,68
26,65963,83
26,127321,45
48,28489,28
40,96486,23
45,37810,88
30,41955,55
22,72698,71
49,37641,16
48,91685,68
51,107007,25
20,52801,28
55,143390,83
20,144762,56
46,78881,85
56,32946,20
48,144862,92
49,56827,58
60,68894,74
56,47745,13
32,115975,82
41,139633,51
60,91786,9
31,74499,1
32,77522,69
28,76234,11
26,118428,77
21,108790,54
60,79359,19
26,89529,62
62,69105,73
63,136439,6
48,48019,85
43,67364,35
68,133287,75
65,129351,32
39,122165,86
29,133469,37
44,120422,99
28,123732,3
56,59422,88
36,67861,2
20,149073,51
69,25906,97
35,94070,22
21,144825,66
59,103540,28
21,128785,10
69,58625,86
47,68180,77
49,50142,25
22,62312,92
22,132693,16
27,57564,50
40,64531,52
35,34193,7
61,49561,79
59,115489,87
68,113988,1
32,105977,78
33,78449,95
57,89504,72
44,53840,73
30,132508,88
30,134229,50
51,109869,64
22,80602,10
32,21078,54
32,40295,73
67,99097,41
26,31486,10
32,117455,9
40,30819,40
61,43364,39
26,97599,51
50,145184,96
63,95963,69
28,39148,12
67,118141,18
46,110952,90
61,64817,12
65,28688,83
47,88785,26
41,135099,55
32,72858,72
60,38314,56
32,65968,38
52,30909,62
48,113875,99
19,31155,24
41,74322,58
68,58038,80
65,118365,48
63,44981,47
66,102920,1
31,97979,96
34,109978,19
33,74906,73
30,93523,93
30,44726,97
21,49570,84
64,82094,87
30,64874,77
61,26706,5
36,106139,6
42,40296,80
24,69591,40
26,32906,32
21,112985,78
26,20679,89
18,70601,75
58,130698,13
53,64184,93
39,126259,78
34,68412,83
51,120267,7
47,25139,78
54,24293,26
26,131085,21
47,39398,2
43,147961,32
69,25831,13
63,136565,41
62,28247,19
51,93912,72
37,71797,10
23,148170,58
63,145926,1
32,91726,72
18,69052,56
18,94658,8
30,32814,9
53,56233,17
48,68807,49
65,83098,55
45,112225,67
44,50396,84
59,139743,61
55,146873,7
46,41513,69
67,148440,28
18,49570,99
29,48467,54
23,119778,17
69,26367,72
54,58185,64
50,68060,10
57,55463,92
57,126182,20
69,23989,24
63,73447,76
38,117579,93
51,104401,19
64,64964,13
24,86960,20
38,80814,95
18,121571,71
18,134606,6
43,74186,90
42,82818,86
20,22072,70
50,112718,38
46,90840,43
20,64402,37
33,107403,54
23,103870,59
68,129714,21
52,60235,66
53,88632,31
19,85072,13
66,111239,28
21,145496,58
51,65363,61
52,48978,66
53,36296,28
53,131428,17
30,74889,68
40,106388,58
39,52225,77
43,66926,60
61,107390,72
24,124008,49
49,41200,35
27,145259,93
19,119921,72
49,38828,21
29,25957,56
21,106160,11
21,79208,12
22,75086,64
25,56368,54
41,130128,1
31,94848,11
51,110251,75
54,64233,61
64,99160,25
22,142496,28
47,49299,96
20,24738,36
46,92884,98
61,39623,62
37,87112,97
45,68600,14
58,145508,67
40,139572,97
34,69149,82
30,81429,87
38,51294,90
32,56732,6
63,95893,98
36,142896,16
59,123568,80
32,133948,23
68,76983,40
63,128565,38
51,53017,55
31,94677,17
69,89147,94
30,71339,6
54,22250,38
29,32534,18
59,36929,14
33,48502,86
54,119918,67
68,105689,58
21,112336,14
55,141464,15
66,60806,8
51,135583,28
55,115717,56
47,22201,68
21,41653,26
44,93259,95
38,90373,99
39,42187,14
28,118502,29
53,27998,97
24,109309,82
65,133851,57
40,132807,44
26,94137,51
34,87302,81
56,143830,82
57,111714,20
40,113447,76
46,137557,68
21,63463,59
47,86468,43
38,81809,19
42,30667,41
49,115379,27
53,38388,28
38,119963,80
41,73227,94
55,44049,47
43,94436,96
55,55230,97
42,119429,35
43,36980,80
60,111181,98
44,148408,44
29,69839,65
32,124924,67
18,104539,68
41,99351,59
55,94312,98
41,138852,2
24,107879,22
69,137404,13
22,72952,49
24,109563,98
58,70508,91
55,80938,89
33,130752,52
55,78738,89
22,106150,99
52,80013,39
35,51899,60
63,104034,73
34,31550,28
23,61055,45
40,92853,3
49,41929,31
53,80394,14
66,120803,1
42,27341,4
46,85618,35
57,83923,33
43,93005,32
45,135728,10
43,77751,59
29,137500,74
18,47531,42
31,141781,34
51,27453,47
26,42318,86
18,135980,84
48,131190,83
18,38384,24
37,33741,11
64,56960,91
41,81338,2
51,130621,80
66,105501,91
57,130734,7
63,49066,49
38,23129,66
32,24003,98
44,93137,35
20,37569,71
41,46325,10
66,129397,54
44,35996,58
34,94729,68
42,66740,8
48,131150,74
41,34792,59
65,49005,10
41,119312,55
31,148524,43
35,66330,63
33,111489,89
49,143470,14
69,58924,49
32,45813,45
48,76884,24
68,35143,25
55,35803,20
31,144107,22
26,77113,53
43,85887,32
47,23811,91
27,98931,48
20,56272,52
26,116387,47
25,67741,14
57,62614,61
61,107085,58
28,123425,66
38,98347,9
42,143835,37
37,139701,70
69,60282,51
69,59450,46
41,25185,4
57,51961,76
35,46741,95
35,28278,59
48,137646,20
34,125318,1
44,74539,20
63,84182,10
63,40882,12
50,21432,47
62,136176,60
56,73400,28
33,59584,5
18,52360,54
58,57972,62
27,31306,89
36,114702,21
64,134881,96
48,135737,57
31,68445,87
48,21887,79
25,59067,93
35,39755,92
21,144616,87
19,116572,86
52,23053,62
32,98001,84
20,41961,45
23,84913,92
56,56252,76
19,91089,9
53,137704,23
46,129976,49
19,40871,87
33,97196,18
61,133471,85
34,45319,61
68,60354,57
36,70041,37
39,56972,92
41,96144,42
27,95169,38
52,21614,15
28,50480,32
54,72766,80
24,81647,64
27,142792,27
53,36948,45
30,27074,21
52,33610,62
24,66147,58
55,40118,35
26,93049,20
28,119155,33
48,31551,28
51,52866,76
20,46196,66
39,116264,79
67,60611,83
42,143320,5
19,60917,82
46,101951,56
52,70546,27
60,50436,50
46,79669,37
67,113029,80
38,76581,66
30,47260,60
50,121378,30
38,141697,65
37,31274,29
39,77800,7
54,76446,87
63,59580,17
37,24313,50
31,105178,3
64,50252,56
38,84523,94
36,136307,53
24,135336,65
36,146395,77
24,62399,96
67,96467,96
27,60933,45
36,69192,39
19,111861,68
62,41678,85
55,110429,81
61,28818,86
39,94709,69
26,127165,91
33,32895,2
36,58298,72
41,92089,27
56,41841,19
23,133166,64
41,22270,83
31,86585,78
60,50929,11
28,56063,18
64,49452,66
42,45606,21
33,145261,67
56,33352,85
40,43889,93
25,67977,22
69,78085,53
35,128719,4
48,109582,20
52,84825,37
69,138349,55
59,46493,73
40,84531,85
21,107052,63
40,100991,59
60,88386,26
30,54132,69
65,89833,35
34,146053,13
49,84948,62
30,21546,87
40,98669,55
64,109472,46
54,97913,91
46,110243,83
21,80486,23
44,37166,52
68,37815,61
66,79736,77
56,87615,71
25,40173,28
31,84528,65
38,92702,87
54,140139,35
56,42295,1
37,47767,1
24,102136,4
54,47324,33
36,68963,87
46,140260,42
22,99018,11
49,36882,14
33,42998,40
18,72929,7
30,80605,19
38,132187,51
58,62954,16
40,113946,65
38,95620,20
41,128605,56
55,46567,87
48,54922,17
68,45736,69
58,52690,32
68,110195,37
24,84585,99
30,74376,21
18,97186,54
38,105635,12
31,81477,36
48,88848,52
38,145577,71
24,91781,98
26,82628,71
59,33558,93
30,82279,78
64,48415,28
21,129858,52
54,25485,3
59,27828,42
43,58002,1
44,113092,33
43,27188,85
46,129919,19
53,70284,26
39,42452,27
48,67628,68
41,127589,24
60,93108,16
23,141681,77
38,32370,47
28,98554,84
22,35872,7
55,33885,74
21,123848,95
22,76256,17
40,139345,53
54,32094,47
47,145560,54
51,109087,56
35,88228,78
24,21340,97
59,41483,23
34,120092,9
39,141742,50
66,53779,7
37,124114,48
41,72867,41
27,124838,64
31,43372,29
38,36315,59
29,125876,95
27,132533,89
50,97983,56
50,96510,90
53,21277,72
44,145345,44
33,92810,63
35,68488,33
64,33023,18
61,40097,1
44,80843,20
26,109555,57
50,67755,98
46,143485,23
67,87550,73
47,121314,52
30,110292,65
28,84966,61
28,82541,12
63,105218,6
30,145599,64
31,58630,53
59,35707,94
50,84630,23
35,76309,66
60,77547,32
42,40871,7
40,25402,28
22,125206,98
20,117476,13
34,35380,43
30,108952,34
25,131293,39
24,146748,59
66,83875,88
52,68453,99
26,141097,77
51,25379,19
40,78128,62
26,84868,70
52,94376,35
42,101092,79
26,69329,74
21,60709,15
31,81207,32
41,126469,3
55,33215,45
61,27103,88
60,36854,75
20,140450,90
58,64947,67
65,22233,87
48,48094,45
28,100264,21
37,26415,23
68,84626,47
60,117288,34
18,120286,54
32,146022,95
63,37640,81
52,95660,52
66,108065,68
42,105986,78
62,96772,71
19,43301,84
39,56845,48
63,122780,57
47,81737,20
22,30492,89
